accuracy,precision,recall,f1,roc_auc,model,fold
0.6832779623477298,0.6388888888888888,0.8884120171673819,0.7432675044883303,0.7053014604060066,BLS_baseline,1
0.8892580287929125,0.8877118644067796,0.8991416309012875,0.8933901918976546,0.9530303179108438,RF_main,1
0.9944629014396457,0.9893842887473461,1.0,0.9946638207043756,0.9998551379381464,RF_with_robovetter,1
0.7973421926910299,0.8179775280898877,0.7811158798283262,0.7991218441273326,0.8682393612319659,CNN_1D,1
0.7009966777408638,0.6622516556291391,0.8583690987124464,0.7476635514018691,0.7412370729024463,BLS_baseline,2
0.9158361018826136,0.9333333333333333,0.9012875536480687,0.9170305676855895,0.9627778159711651,RF_main,2
0.9933554817275747,0.9956896551724138,0.9914163090128756,0.9935483870967742,0.9999214307461133,RF_with_robovetter,2
0.8217054263565892,0.8381374722838137,0.8111587982832618,0.8244274809160306,0.8945060449219707,CNN_1D,2
0.6799557032115172,0.6416,0.8605150214592274,0.7351054078826764,0.7185256479508156,BLS_baseline,3
0.9102990033222591,0.9157667386609071,0.9098712446351931,0.9128094725511302,0.9607914870213414,RF_main,3
0.9955703211517165,0.9957081545064378,0.9957081545064378,0.9957081545064378,0.9979522888205773,RF_with_robovetter,3
0.8217054263565892,0.8746928746928747,0.7639484978540773,0.8155784650630011,0.8998242012944285,CNN_1D,3
0.7054263565891473,0.6633825944170771,0.8688172043010752,0.7523277467411545,0.7235773555260961,BLS_baseline,4
0.8870431893687708,0.8989010989010989,0.8795698924731182,0.8891304347826087,0.9429591987037855,RF_main,4
0.9933554817275747,0.9914346895074947,0.9956989247311828,0.9935622317596566,0.999040113909756,RF_with_robovetter,4
0.8217054263565892,0.8671497584541062,0.7720430107526882,0.8168373151308305,0.887062404870624,CNN_1D,4
0.6965669988925803,0.65086887835703,0.886021505376344,0.7504553734061931,0.7298718515245249,BLS_baseline,5
0.9058693244739756,0.9130434782608695,0.9032258064516129,0.9081081081081082,0.9658295281582953,RF_main,5
0.9955703211517165,0.9978401727861771,0.9935483870967742,0.9956896551724138,0.9998379731919281,RF_with_robovetter,5
0.8338870431893688,0.8555304740406321,0.8150537634408602,0.8348017621145375,0.9023125644424805,CNN_1D,5
